FROM_BUS,TO_BUS,CKT,STAT,R_PU,X_PU,B_PU,RATE_A_MVA,RATE_B_MVA,RATE_C_MVA,LENGTH,MET,FROM_KV,TO_KV,P_FROM_MW,Q_FROM_MVAR,MVA,LOADING_PCT,PLOSS_MW,QLOSS_MVAR
1001,1201,1,1,0.001770000089891255,0.031690001487731934,3.344599962234497,0.0,0.0,0.0,0.0,1001,500.0,500.0,744.0559692382812,-327.09112548828125,812.7778930664062,0.0,9.52902603149414,170.6072540283203
1001,1202,9,1,0.010799999348819256,0.09650000184774399,0.3296000063419342,0.0,0.0,0.0,0.0,1001,500.0,500.0,183.85842895507812,-71.78118133544922,197.37391662597656,0.0,3.7108938694000244,33.15752410888672
1002,1004,1,1,0.0005000000237487257,0.0052999998442828655,0.08820000290870667,0.0,0.0,0.0,0.0,1002,345.0,345.0,-3537.155517578125,349.2186279296875,3554.352783203125,0.0,61.45039749145508,651.3742065429688
1002,1102,1,1,0.0017899998929351568,0.01988000050187111,2.5759999752044678,0.0,0.0,0.0,0.0,1002,345.0,345.0,1166.1160888671875,-5.578315258026123,1166.12939453125,0.0,23.953542709350586,266.0315246582031
1002,1102,2,1,0.0017899998929351568,0.01988000050187111,2.5759999752044678,0.0,0.0,0.0,0.0,1002,345.0,345.0,1166.1160888671875,-5.578315258026123,1166.12939453125,0.0,23.953542709350586,266.0315246582031
1002,6506,1,1,0.004799999762326479,0.04360000044107437,0.7077999711036682,0.0,0.0,0.0,0.0,6506,345.0,345.0,-22.338537216186523,-138.6066131591797,140.39515686035156,0.0,0.5110782384872437,4.642294406890869
1004,7001,1,1,0.00810999982059002,0.13689999282360077,2.434799909591675,0.0,0.0,0.0,0.0,7001,345.0,345.0,626.0288696289062,142.9315643310547,642.1383056640625,0.0,35.61876678466797,601.2587890625
1004,7002,1,1,0.009770000353455544,0.10999999940395355,2.0,0.0,0.0,0.0,0.0,7002,345.0,345.0,747.3810424804688,174.4679412841797,767.4747924804688,0.0,58.68918228149414,660.7789306640625
1101,1401,1,1,0.00279999990016222,0.0210999995470047,1.0194000005722046,0.0,0.0,1630.0,0.0,1101,500.0,500.0,86.0195541381836,-182.00108337402344,201.30514526367188,0.0,0.6670229434967041,5.02649450302124
1101,1401,2,1,0.00279999990016222,0.0210999995470047,1.0194000005722046,0.0,0.0,1630.0,0.0,1101,500.0,500.0,86.0195541381836,-182.00108337402344,201.30514526367188,0.0,0.6670229434967041,5.02649450302124
1201,1202,1,1,0.0007699999841861427,0.00535999983549118,1.398419976234436,0.0,0.0,0.0,0.0,1201,500.0,500.0,-997.9882202148438,316.732177734375,1047.0433349609375,0.0,7.473241329193115,52.021522521972656
1201,1402,1,1,0.0017899998929351568,0.025919998064637184,3.392199993133545,0.0,0.0,0.0,0.0,1201,500.0,500.0,1072.0267333984375,-12.003385543823242,1072.0938720703125,0.0,17.81403350830078,257.9551696777344
1201,2901,1,1,0.002070000162348151,0.013690000399947166,3.9516000747680664,0.0,0.0,0.0,0.0,1201,500.0,500.0,492.43646240234375,-422.4074401855469,648.7847900390625,0.0,4.822626113891602,31.894567489624023
1202,1302,1,1,0.00279999990016222,0.0210999995470047,1.0194000005722046,0.0,0.0,1630.0,0.0,1202,500.0,500.0,744.3270874023438,174.9795379638672,764.6179809570312,0.0,14.618878364562988,110.16368865966797
1202,1402,1,1,0.002409999957308173,0.03488999977707863,4.865600109100342,0.0,0.0,0.0,0.0,1202,500.0,500.0,939.7393188476562,-148.68368530273438,951.4288330078125,0.0,18.623695373535156,269.6185607910156
1301,1302,1,1,0.00279999990016222,0.0210999995470047,1.0194000005722046,0.0,0.0,1630.0,0.0,1301,500.0,500.0,171.8139190673828,26.005231857299805,173.77081298828125,0.0,0.9279099106788635,6.992464542388916
1301,1402,1,1,0.00279999990016222,0.0210999995470047,1.0194000005722046,0.0,0.0,1630.0,0.0,1301,500.0,500.0,940.7691650390625,-161.91082763671875,954.600341796875,0.0,22.98244285583496,173.1891326904297
1301,1402,2,1,0.006199999712407589,0.06729999929666519,1.1155999898910522,0.0,0.0,0.0,0.0,1301,500.0,500.0,297.385009765625,-82.48098754882812,308.611328125,0.0,5.047491073608398,54.789703369140625
1301,2603,1,1,0.0017900001257658005,0.02524000033736229,0.5354599952697754,0.0,0.0,0.0,0.0,2603,500.0,500.0,8.955522537231445,-77.82669067382812,78.34025573730469,0.0,0.04001476988196373,0.5642306208610535
1301,2901,1,1,0.010799999348819256,0.09650000184774399,0.3296000063419342,0.0,0.0,0.0,0.0,1301,500.0,500.0,-4.717401027679443,-85.05443572998047,85.1851577758789,0.0,0.44692492485046387,3.9933574199676514
1303,6507,1,1,0.00810999982059002,0.13689999282360077,1.1155999898910522,0.0,0.0,0.0,0.0,6507,345.0,345.0,-206.0753173828125,-50.013519287109375,212.05751037597656,0.0,3.4131054878234863,57.614559173583984
1401,1402,1,1,0.00039999998989515007,0.009600000455975533,0.9038000106811523,0.0,0.0,0.0,0.0,1401,500.0,500.0,1098.666015625,-298.352294921875,1138.45556640625,0.0,4.740512371063232,113.77230834960938
1401,1402,2,1,0.00039999998989515007,0.009600000455975533,0.9038000106811523,0.0,0.0,0.0,0.0,1401,500.0,500.0,1098.666015625,-298.352294921875,1138.45556640625,0.0,4.740512371063232,113.77230834960938
1401,2301,1,1,0.0025900001637637615,0.029670001938939095,2.1530001163482666,0.0,0.0,1800.0,0.0,1401,500.0,500.0,12.115249633789062,-118.4315185546875,119.04959106445312,0.0,0.0037832935340702534,0.043339889496564865
1401,2400,1,1,0.0025900001637637615,0.029670001938939095,2.1530001163482666,0.0,0.0,1800.0,0.0,1401,500.0,500.0,313.6588439941406,-109.99883270263672,332.3877258300781,0.0,2.3793540000915527,27.25692367553711
1403,2100,1,1,0.008450000546872616,0.07034000009298325,0.15953999757766724,0.0,0.0,1160.0,0.0,1403,230.0,230.0,-51.01891326904297,-1.1417299509048462,51.03168487548828,0.0,0.20954367518424988,1.7442960739135742
2000,2202,1,1,0.001380000147037208,0.05398999899625778,0.15252000093460083,0.0,986.0,888.0,0.0,2000,230.0,230.0,348.9483947753906,34.014095306396484,350.60223388671875,0.0,1.7042845487594604,66.67704010009766
2000,2302,1,1,0.001380000147037208,0.05398999899625778,0.15252000093460083,0.0,986.0,888.0,0.0,2000,230.0,230.0,-98.14234161376953,-67.50819396972656,119.1187515258789,0.0,0.18240562081336975,7.136289119720459
2100,2302,1,1,0.008450000546872616,0.07034000009298325,0.15953999757766724,0.0,0.0,1160.0,0.0,2100,230.0,230.0,37.61150360107422,-12.586874008178711,39.6617546081543,0.0,0.11287656426429749,0.9396138787269592
2201,2301,1,1,0.0017900001257658005,0.02524000033736229,2.1530001163482666,0.0,0.0,1800.0,0.0,2201,500.0,500.0,-817.1695556640625,-130.74801635742188,827.5633544921875,0.0,12.114736557006836,170.82455444335938
2202,2203,1,1,0.003120000008493662,0.028860000893473625,0.15252000093460083,0.0,986.0,888.0,0.0,2202,230.0,230.0,8.100798606872559,-57.52141571044922,58.08903503417969,0.0,0.08167994767427444,0.75553959608078
2202,2203,2,1,0.003120000008493662,0.028860000893473625,0.15252000093460083,0.0,986.0,888.0,0.0,2202,230.0,230.0,8.100798606872559,-57.52141571044922,58.08903503417969,0.0,0.08167994767427444,0.75553959608078
2202,2503,1,1,0.003120000008493662,0.028860000893473625,0.15252000093460083,0.0,986.0,888.0,0.0,2202,230.0,230.0,-252.55418395996094,-34.088504791259766,254.84434509277344,0.0,2.0502071380615234,18.96441650390625
2203,2503,1,1,0.003120000008493662,0.028860000893473625,0.15252000093460083,0.0,986.0,888.0,0.0,2203,230.0,230.0,-264.33001708984375,17.104751586914062,264.88287353515625,0.0,2.177328109741211,20.14028549194336
2203,2503,2,1,0.003120000008493662,0.028860000893473625,0.15252000093460083,0.0,986.0,888.0,0.0,2203,230.0,230.0,-264.33001708984375,17.104751586914062,264.88287353515625,0.0,2.177328109741211,20.14028549194336
2400,2403,1,1,0.0004199999966658652,0.009050000458955765,0.6679400205612183,0.0,0.0,3600.0,0.0,2400,500.0,500.0,532.3171997070312,-20.102951049804688,532.6966552734375,0.0,1.123712420463562,24.213327407836914
2401,2402,1,1,0.0002799999783746898,0.00752999959513545,0.5173599720001221,0.0,0.0,3600.0,0.0,2401,500.0,500.0,1090.2467041015625,226.49359130859375,1113.524658203125,0.0,3.183666229248047,85.61788940429688
2401,2402,2,1,0.00035000001662410796,0.007499999832361937,0.553600013256073,0.0,0.0,3600.0,0.0,2401,500.0,500.0,1096.5467529296875,215.04611206054688,1117.434326171875,0.0,4.00830078125,85.89215850830078
2401,2404,1,1,0.00044000003254041076,0.011250000447034836,0.829200029373169,0.0,0.0,3600.0,0.0,2401,500.0,500.0,-631.3397827148438,101.6121597290039,639.464599609375,0.0,1.6772303581237793,42.88372802734375
2401,2404,2,1,0.00044000003254041076,0.011250000447034836,0.829200029373169,0.0,0.0,3600.0,0.0,2401,500.0,500.0,-631.3397827148438,101.6121597290039,639.464599609375,0.0,1.6772303581237793,42.88372802734375
2401,2501,1,1,0.0005999999702908099,0.012799998745322227,0.9462000131607056,0.0,0.0,3600.0,0.0,2401,500.0,500.0,974.0178833007812,147.05006408691406,985.0556640625,0.0,5.378593444824219,114.74333190917969
2401,2603,1,1,0.0001999999803956598,0.004100000020116568,0.2962000072002411,0.0,0.0,0.0,0.0,2603,500.0,500.0,-1731.725830078125,-44.07352828979492,1732.28662109375,0.0,5.441089153289795,111.54234313964844
2401,2901,1,1,0.0019299999112263322,0.027790000662207603,4.671199798583984,0.0,0.0,3600.0,0.0,2401,500.0,500.0,-282.7902526855469,-445.9602355957031,528.0632934570312,0.0,2.021385431289673,29.105859756469727
2401,2902,1,1,0.0019000001484528184,0.03099999949336052,4.140200138092041,0.0,0.0,3600.0,0.0,2401,500.0,500.0,-178.03407287597656,-441.9924621582031,476.50128173828125,0.0,1.333479642868042,21.756772994995117
2402,2501,1,1,0.0002099999983329326,0.004569999873638153,0.32335999608039856,0.0,0.0,3600.0,0.0,2402,500.0,500.0,921.13916015625,67.31974029541016,923.5958251953125,0.0,1.687920093536377,36.73235321044922
2403,2501,1,1,0.00039999998989515007,0.00930000003427267,0.6855999827384949,0.0,0.0,3600.0,0.0,2403,500.0,500.0,-418.7799987792969,-8.739227294921875,418.87115478515625,0.0,0.6678336262702942,15.52713394165039
2404,3893,1,1,9.999999406318238e-08,-0.009349999949336052,0.0,0.0,0.0,2134.0,0.0,3893,500.0,500.0,-645.6491088867188,-80.64838409423828,650.66650390625,0.0,0.0003920685267075896,-36.65840530395508
2404,3895,1,1,9.999999406318238e-08,-0.009349999949336052,0.0,0.0,0.0,2134.0,0.0,3895,500.0,500.0,-649.9619140625,-78.71144104003906,654.7105712890625,0.0,0.00039695724262855947,-37.115501403808594
2404,3897,1,1,1.000000082740371e-07,-0.00839999970048666,0.0,0.0,0.0,2100.0,0.0,3897,500.0,500.0,-688.5504760742188,-62.08341598510742,691.3436889648438,0.0,0.00044262202573008835,-37.18024826049805
2405,2406,1,1,0.0013999998336657882,0.026399999856948853,0.10199999809265137,0.0,0.0,3070.0,0.0,2406,230.0,230.0,264.48138427734375,3.933919668197632,264.5106201171875,0.0,0.9583775997161865,18.072265625
2405,2410,1,1,0.000649999943561852,0.011869999580085278,0.046720001846551895,0.0,0.0,3070.0,0.0,2410,230.0,230.0,547.6527099609375,22.208059310913086,548.1028442382812,0.0,1.9094040393829346,34.868656158447266
2405,2410,2,1,0.000649999943561852,0.011869999580085278,0.046720001846551895,0.0,0.0,3070.0,0.0,2410,230.0,230.0,547.6527099609375,22.208059310913086,548.1028442382812,0.0,1.9094040393829346,34.868656158447266
2406,2408,1,1,0.0019000002648681402,0.025800002738833427,0.09839999675750732,0.0,0.0,2320.0,0.0,2406,230.0,230.0,-394.21258544921875,39.337379455566406,396.17041015625,0.0,2.9440643787384033,39.977291107177734
2406,2410,1,1,0.008450000546872616,0.07034000009298325,0.15953999757766724,0.0,0.0,1160.0,0.0,2406,230.0,230.0,-6.603785037994385,-6.328773498535156,9.146766662597656,0.0,0.003889877814799547,0.0323803573846817
2407,2408,1,1,0.0010999999940395355,0.01269999984651804,0.04800000041723251,0.0,0.0,2320.0,0.0,2407,230.0,230.0,-1569.9896240234375,33.32552719116211,1570.34326171875,0.0,28.542631149291992,329.53765869140625
2408,2409,1,1,0.001380000147037208,0.05398999899625778,0.15252000093460083,0.0,0.0,2320.0,0.0,2409,230.0,230.0,317.8536376953125,-9.750471115112305,318.003173828125,0.0,1.3695191144943237,53.57994842529297
2408,2409,2,1,0.001380000147037208,0.05398999899625778,0.15252000093460083,0.0,0.0,2320.0,0.0,2409,230.0,230.0,317.8536376953125,-9.750471115112305,318.003173828125,0.0,1.3695191144943237,53.57994842529297
2408,2411,1,1,0.003200000151991844,0.039500001817941666,0.14399999380111694,0.0,0.0,2320.0,0.0,2411,230.0,230.0,98.96598815917969,-42.30206298828125,107.62774658203125,0.0,0.3462923467159271,4.274546146392822
2408,2502,1,1,0.003120000008493662,0.028860000893473625,0.15252000093460083,0.0,986.0,888.0,0.0,2408,230.0,230.0,764.6624755859375,-56.28756332397461,766.7313232421875,0.0,17.991077423095703,166.41748046875
2409,2502,1,1,0.003120000008493662,0.028860000893473625,0.15252000093460083,0.0,986.0,888.0,0.0,2409,230.0,230.0,175.633056640625,-33.86955261230469,178.86900329589844,0.0,0.9452250599861145,8.743331909179688
2409,2503,1,1,0.003120000008493662,0.028860000893473625,0.15252000093460083,0.0,986.0,888.0,0.0,2503,230.0,230.0,300.0206298828125,10.979604721069336,300.2214660644531,0.0,2.7100605964660645,25.06806182861328
2410,2411,1,1,0.002850000048056245,0.036490000784397125,0.1265600025653839,0.0,0.0,2320.0,0.0,2410,230.0,230.0,-162.5745086669922,-25.622758865356445,164.58126831054688,0.0,0.7530468702316284,9.641642570495605
2410,2411,2,1,0.001380000147037208,0.03398999944329262,0.1125200018286705,0.0,0.0,2320.0,0.0,2410,230.0,230.0,-174.02540588378906,-32.88938522338867,177.10604858398438,0.0,0.42211195826530457,10.396799087524414
2502,2503,1,1,0.003120000008493662,0.028860000893473625,0.15252000093460083,0.0,986.0,888.0,0.0,2502,230.0,230.0,126.84720611572266,30.794620513916016,130.5316925048828,0.0,0.5243097543716431,4.849865436553955
2502,2503,2,1,0.003120000008493662,0.028860000893473625,0.15252000093460083,0.0,986.0,888.0,0.0,2502,230.0,230.0,126.84720611572266,30.794620513916016,130.5316925048828,0.0,0.5243097543716431,4.849865436553955
2600,2601,1,1,0.0007399999885819852,0.018610000610351562,1.4026399850845337,0.0,0.0,0.0,0.0,2600,500.0,500.0,48.22376251220703,-35.380531311035156,59.810646057128906,0.0,0.027596773579716682,0.6940215826034546
2600,2602,1,1,0.0008200000738725066,0.016680000349879265,1.1880199909210205,0.0,0.0,0.0,0.0,2600,500.0,500.0,17.711261749267578,143.56942749023438,144.6577606201172,0.0,0.32604753971099854,6.632284164428711
2600,2603,1,1,1.000000082740371e-07,0.0015900001162663102,0.12002000212669373,0.0,0.0,0.0,0.0,2600,500.0,500.0,807.4407348632812,-54.094444274902344,809.250732421875,0.0,0.0005868800799362361,9.331393241882324
2600,2603,2,1,1.000000082740371e-07,0.0015900001162663102,0.12002000212669373,0.0,0.0,0.0,0.0,2600,500.0,500.0,807.4407348632812,-54.094444274902344,809.250732421875,0.0,0.0005868800799362361,9.331393241882324
2601,2603,1,1,0.0008299999753944576,0.0188400000333786,1.6666799783706665,0.0,0.0,0.0,0.0,2603,500.0,500.0,19.498821258544922,-140.35508728027344,141.7030487060547,0.0,0.020899197086691856,0.4743865728378296
2603,2901,1,1,0.0017900001257658005,0.02524000033736229,0.5354599952697754,0.0,0.0,0.0,0.0,2901,500.0,500.0,-17.368860244750977,-241.43032836914062,242.05429077148438,0.0,0.7223575115203857,10.185644149780273
2604,6404,1,1,0.010799999348819256,0.09650000184774399,0.3296000063419342,0.0,0.0,0.0,0.0,2604,345.0,345.0,8.563730239868164,-73.78710174560547,74.28238677978516,0.0,0.33018115162849426,2.950230121612549
2604,6504,1,1,0.0017999998526647687,0.02449999935925007,0.4392000138759613,0.0,0.0,0.0,0.0,2604,345.0,345.0,-158.63453674316406,21.88507080078125,160.13705444335938,0.0,0.461603045463562,6.282930850982666
2604,6504,2,1,0.0017999998526647687,0.02449999935925007,0.4392000138759613,0.0,0.0,0.0,0.0,2604,345.0,345.0,-158.63453674316406,21.88507080078125,160.13705444335938,0.0,0.461603045463562,6.282930850982666
2605,2607,1,1,0.010700001381337643,0.07904999703168869,0.3666999936103821,0.0,0.0,0.0,0.0,2605,287.0,287.0,38.574615478515625,-57.68889236450195,69.39747619628906,0.0,0.30550652742385864,2.2570364475250244
2606,2607,1,1,0.010700001381337643,0.07904999703168869,0.3666999936103821,0.0,0.0,0.0,0.0,2606,287.0,287.0,38.574615478515625,-57.68889236450195,69.39747619628906,0.0,0.30550652742385864,2.2570364475250244
2608,2611,1,1,0.0022100000642240047,0.03345999866724014,0.0733800008893013,0.0,0.0,0.0,0.0,2608,230.0,230.0,10.338371276855469,-4.445230007171631,11.253532409667969,0.0,0.002302287146449089,0.03485724702477455
2608,2612,1,1,0.002899999963119626,0.03799999877810478,0.08240000158548355,0.0,0.0,0.0,0.0,2608,230.0,230.0,26.56700325012207,-2.323390245437622,26.66840362548828,0.0,0.019971750676631927,0.26169881224632263
2608,2618,1,1,0.0030899997800588608,0.04676999896764755,0.10080000013113022,0.0,0.0,0.0,0.0,2608,230.0,230.0,59.95907211303711,0.08385665714740753,59.959129333496094,0.0,0.10866411030292511,1.6447315216064453
2608,2619,1,1,0.002259999979287386,0.034219998866319656,0.07506000250577927,0.0,0.0,0.0,0.0,2608,230.0,230.0,13.785067558288574,2.5700204372406006,14.022591590881348,0.0,0.005077441222965717,0.076880544424057
2609,2615,1,1,0.0004700000281445682,0.007230000104755163,0.01624000072479248,0.0,0.0,0.0,0.0,2615,230.0,230.0,339.96795654296875,-97.15141296386719,353.5768737792969,0.0,0.587172269821167,9.032458305358887
2609,2617,1,1,0.0003499999875202775,0.00535999983549118,0.012040000408887863,0.0,0.0,0.0,0.0,2609,230.0,230.0,-460.7237854003906,72.9740982055664,466.4671630859375,0.0,0.7623105645179749,11.67424201965332
2610,2613,1,1,0.002199999988079071,0.034219998866319656,0.07716000080108643,0.0,0.0,0.0,0.0,2613,230.0,230.0,543.7352294921875,38.801212310791016,545.117919921875,0.0,6.492308616638184,100.98490905761719
2610,2613,2,1,0.0023800001945346594,0.03669000044465065,0.08284000307321548,0.0,0.0,0.0,0.0,2613,230.0,230.0,507.1344909667969,35.347660064697266,508.3648681640625,0.0,6.109219074249268,94.17951965332031
2610,2616,1,1,0.0020099999383091927,0.030740000307559967,0.0688600018620491,0.0,0.0,0.0,0.0,2616,230.0,230.0,624.8487548828125,39.50163269042969,626.0961303710938,0.0,7.822177410125732,119.62873077392578
2610,2617,1,1,0.0028100002091377974,0.04295999929308891,0.09647999703884125,0.0,0.0,0.0,0.0,2610,230.0,230.0,516.9263305664062,33.50770950317383,518.01123046875,0.0,7.4900126457214355,114.50922393798828
2611,2612,1,1,0.00028999996720813215,0.004339999984949827,0.009499999694526196,0.0,0.0,0.0,0.0,2612,230.0,230.0,152.98556518554688,23.215974807739258,154.73707580566406,0.0,0.06746382266283035,1.0096310377120972
2612,2615,1,1,0.0022899999748915434,0.01583000086247921,0.03060000017285347,0.0,0.0,0.0,0.0,2612,230.0,230.0,-85.88616943359375,63.882625579833984,107.03935241699219,0.0,0.2599281370639801,1.7967959642410278
2612,2615,2,1,0.0022899999748915434,0.01583000086247921,0.03060000017285347,0.0,0.0,0.0,0.0,2612,230.0,230.0,-85.88616943359375,63.882625579833984,107.03935241699219,0.0,0.2599281370639801,1.7967959642410278
2612,2618,1,1,0.0014100000262260437,0.009669999592006207,0.01940000057220459,0.0,0.0,0.0,0.0,2612,230.0,230.0,184.5640869140625,-0.586803674697876,184.5650177001953,0.0,0.46752864122390747,3.2063841819763184
2612,2618,2,1,0.0014100000262260437,0.009669999592006207,0.01940000057220459,0.0,0.0,0.0,0.0,2612,230.0,230.0,184.5640869140625,-0.586803674697876,184.5650177001953,0.0,0.46752864122390747,3.2063841819763184
2612,2618,3,1,0.001610000035725534,0.009709999896585941,0.019279999658465385,0.0,0.0,0.0,0.0,2612,230.0,230.0,183.21861267089844,-4.160760879516602,183.26585388183594,0.0,0.526244580745697,3.1738102436065674
2612,2618,4,1,0.001610000035725534,0.009709999896585941,0.019279999658465385,0.0,0.0,0.0,0.0,2612,230.0,230.0,183.21861267089844,-4.160760879516602,183.26585388183594,0.0,0.526244580745697,3.1738102436065674
2612,2619,1,1,0.0002699999895412475,0.003930000122636557,0.009180000051856041,0.0,0.0,0.0,0.0,2612,230.0,230.0,-136.1746063232422,35.994205474853516,140.8513641357422,0.0,0.05223068967461586,0.760246753692627
2612,2619,2,1,0.0002699999895412475,0.003930000122636557,0.009180000051856041,0.0,0.0,0.0,0.0,2612,230.0,230.0,-136.1746063232422,35.994205474853516,140.8513641357422,0.0,0.05223068967461586,0.760246753692627
2612,2619,3,1,0.0002699999895412475,0.003930000122636557,0.009180000051856041,0.0,0.0,0.0,0.0,2612,230.0,230.0,-136.1746063232422,35.994205474853516,140.8513641357422,0.0,0.05223068967461586,0.760246753692627
2612,2620,1,1,0.0013800000306218863,0.01116000022739172,0.024700000882148743,0.0,0.0,0.0,0.0,2612,230.0,230.0,13.80870532989502,35.88412857055664,38.44933319091797,0.0,0.0211033932864666,0.17066222429275513
2612,2620,2,1,0.0013800000306218863,0.01116000022739172,0.024700000882148743,0.0,0.0,0.0,0.0,2612,230.0,230.0,13.80870532989502,35.88412857055664,38.44933319091797,0.0,0.0211033932864666,0.17066222429275513
2613,2616,1,1,0.00036999996518716216,0.0036599996965378523,0.008299999870359898,0.0,0.0,0.0,0.0,2613,230.0,230.0,151.13693237304688,-67.56201934814453,165.55059814453125,0.0,0.10226739943027496,1.0116182565689087
2613,2617,1,1,0.0005499999970197678,0.005859999917447567,0.01245999988168478,0.0,0.0,0.0,0.0,2613,230.0,230.0,600.9100341796875,-95.67163848876953,608.4783935546875,0.0,2.0571534633636475,21.918033599853516
2614,2616,1,1,0.0007300000288523734,0.010250000283122063,0.02558000013232231,0.0,0.0,0.0,0.0,2616,230.0,230.0,-206.4390411376953,69.07381439208984,217.6884765625,0.0,0.3457488715648651,4.8546929359436035
2614,2616,2,1,0.0007300000288523734,0.010250000283122063,0.02558000013232231,0.0,0.0,0.0,0.0,2616,230.0,230.0,-206.4390411376953,69.07381439208984,217.6884765625,0.0,0.3457488715648651,4.8546929359436035
2615,2617,1,1,0.0011900000972673297,0.012439999729394913,0.027979999780654907,0.0,0.0,0.0,0.0,2615,230.0,230.0,-391.9140930175781,108.35858917236328,406.6180725097656,0.0,1.950086236000061,20.385774612426758
2615,2617,2,1,0.0011900000972673297,0.012439999729394913,0.027979999780654907,0.0,0.0,0.0,0.0,2615,230.0,230.0,-391.9140930175781,108.35858917236328,406.6180725097656,0.0,1.950086236000061,20.385774612426758
2615,2620,1,1,0.001280000084079802,0.009789999574422836,0.021199999377131462,0.0,0.0,0.0,0.0,2620,230.0,230.0,156.22293090820312,-60.187095642089844,167.41592407226562,0.0,0.35329878330230713,2.702183485031128
2616,2617,1,1,0.0010999998776242137,0.011889999732375145,0.025140000507235527,0.0,0.0,0.0,0.0,2616,230.0,230.0,249.8482208251953,-28.924909591674805,251.5169677734375,0.0,0.6997030973434448,7.5631537437438965
2901,2902,1,1,0.0005600000149570405,0.014150000177323818,1.0428999662399292,0.0,0.0,3600.0,0.0,2902,500.0,500.0,179.54664611816406,-147.51463317871094,232.37374877929688,0.0,0.17909254133701324,4.525284767150879
3101,3102,1,1,0.0010999999940395355,0.01269999984651804,0.04800000041723251,0.0,1120.0,1120.0,0.0,3101,230.0,230.0,-153.8609161376953,-23.857494354248047,155.6995849609375,0.0,0.2757170796394348,3.183279275894165
3101,3102,2,1,0.0010999999940395355,0.01269999984651804,0.04800000041723251,0.0,1120.0,1120.0,0.0,3101,230.0,230.0,-153.8609161376953,-23.857494354248047,155.6995849609375,0.0,0.2757170796394348,3.183279275894165
3102,3103,1,1,0.0010999999940395355,0.01269999984651804,0.04800000041723251,0.0,1120.0,1120.0,0.0,3102,230.0,230.0,-288.65802001953125,-23.951980590820312,289.6500549316406,0.0,0.948005199432373,10.945150375366211
3102,3103,2,1,0.0010999999940395355,0.01269999984651804,0.04800000041723251,0.0,1120.0,1120.0,0.0,3102,230.0,230.0,-288.65802001953125,-23.951980590820312,289.6500549316406,0.0,0.948005199432373,10.945150375366211
3102,3103,3,1,0.0010999999940395355,0.01269999984651804,0.04800000041723251,0.0,1120.0,1120.0,0.0,3102,230.0,230.0,-288.65802001953125,-23.951980590820312,289.6500549316406,0.0,0.948005199432373,10.945150375366211
3102,3302,1,1,0.0010999999940395355,0.01269999984651804,0.04800000041723251,0.0,1120.0,1120.0,0.0,3102,230.0,230.0,138.3826446533203,0.35368800163269043,138.38308715820312,0.0,0.21674107015132904,2.5023741722106934
3103,3204,1,1,0.0010999999940395355,0.01269999984651804,0.04800000041723251,0.0,1120.0,1120.0,0.0,3103,230.0,230.0,-644.2362060546875,-55.68489456176758,646.6383056640625,0.0,4.6643829345703125,53.8524169921875
3103,3204,2,1,0.0010999999940395355,0.01269999984651804,0.04800000041723251,0.0,1120.0,1120.0,0.0,3103,230.0,230.0,-644.2362060546875,-55.68489456176758,646.6383056640625,0.0,4.6643829345703125,53.8524169921875
3103,3305,1,1,0.0010999999940395355,0.01269999984651804,0.04800000041723251,0.0,1120.0,1120.0,0.0,3103,230.0,230.0,36.50239181518555,-22.78917694091797,43.03221130371094,0.0,0.019528504461050034,0.22546546161174774
3103,3305,2,1,0.0010999999940395355,0.01269999984651804,0.04800000041723251,0.0,1120.0,1120.0,0.0,3103,230.0,230.0,36.50239181518555,-22.78917694091797,43.03221130371094,0.0,0.019528504461050034,0.22546546161174774
3104,3105,1,1,0.003120000008493662,0.028860000893473625,0.15252000093460083,0.0,986.0,888.0,0.0,3104,115.0,115.0,-4.553353786468506,-55.401302337646484,55.588104248046875,0.0,0.07460524886846542,0.6900985836982727
3201,3202,1,1,0.0010999999940395355,0.01269999984651804,0.04800000041723251,0.0,1120.0,1120.0,0.0,3201,230.0,230.0,-60.12228775024414,13.343488693237305,61.585208892822266,0.0,0.04218874126672745,0.4870881736278534
3201,3202,2,1,0.0010999999940395355,0.01269999984651804,0.04800000041723251,0.0,1120.0,1120.0,0.0,3201,230.0,230.0,-60.12228775024414,13.343488693237305,61.585208892822266,0.0,0.04218874126672745,0.4870881736278534
3201,3203,1,1,0.0010999999940395355,0.01269999984651804,0.04800000041723251,0.0,1120.0,1120.0,0.0,3201,230.0,230.0,-46.14877700805664,25.94301414489746,52.941001892089844,0.0,0.032042358070611954,0.36994361877441406
3201,3203,2,1,0.0010999999940395355,0.01269999984651804,0.04800000041723251,0.0,1120.0,1120.0,0.0,3201,230.0,230.0,-46.14877700805664,25.94301414489746,52.941001892089844,0.0,0.032042358070611954,0.36994361877441406
3201,3923,1,1,0.003120000008493662,0.028860000893473625,0.15252000093460083,0.0,986.0,888.0,0.0,3201,230.0,230.0,-221.02725219726562,-25.673585891723633,222.51332092285156,0.0,1.5232923030853271,14.090453147888184
3201,3923,2,1,0.003120000008493662,0.028860000893473625,0.15252000093460083,0.0,986.0,888.0,0.0,3201,230.0,230.0,-221.02725219726562,-25.673585891723633,222.51332092285156,0.0,1.5232923030853271,14.090453147888184
3201,3924,1,1,0.0010999999940395355,0.01269999984651804,0.04800000041723251,0.0,1120.0,1120.0,0.0,3201,230.0,230.0,117.95694732666016,-58.165504455566406,131.518310546875,0.0,0.1858934462070465,2.1462242603302
3201,3924,2,1,0.0010999999940395355,0.01269999984651804,0.04800000041723251,0.0,1120.0,1120.0,0.0,3201,230.0,230.0,117.95694732666016,-58.165504455566406,131.518310546875,0.0,0.1858934462070465,2.1462242603302
3202,3203,9,1,0.003120000008493662,0.028860000893473625,0.15252000093460083,0.0,986.0,888.0,0.0,3202,230.0,230.0,6.202597618103027,-2.2188148498535156,6.587515354156494,0.0,0.002114703180268407,0.019561005756258965
3202,3204,1,1,0.0010999999940395355,0.01269999984651804,0.04800000041723251,0.0,1120.0,1120.0,0.0,3202,230.0,230.0,-593.1421508789062,10.426301956176758,593.2338256835938,0.0,3.854008674621582,44.49628448486328
3202,3205,1,1,0.0010999999940395355,0.01269999984651804,0.04800000041723251,0.0,1120.0,1120.0,0.0,3205,230.0,230.0,-218.8910675048828,31.447080612182617,221.13845825195312,0.0,0.5371756553649902,6.201937198638916
3202,3924,1,1,0.003120000008493662,0.028860000893473625,0.15252000093460083,0.0,986.0,888.0,0.0,3202,230.0,230.0,77.66934967041016,-40.07680892944336,87.3995361328125,0.0,0.21998298168182373,2.0348424911499023
3202,3924,2,1,0.003120000008493662,0.028860000893473625,0.15252000093460083,0.0,986.0,888.0,0.0,3202,230.0,230.0,77.66934967041016,-40.07680892944336,87.3995361328125,0.0,0.21998298168182373,2.0348424911499023
3203,3204,1,1,0.0010999999940395355,0.01269999984651804,0.04800000041723251,0.0,1120.0,1120.0,0.0,3203,230.0,230.0,-605.9332275390625,-1.2776150703430176,605.9345703125,0.0,4.034300327301025,46.57783508300781
3203,3303,1,1,0.0010999999940395355,0.01269999984651804,0.04800000041723251,0.0,1120.0,1120.0,0.0,3203,230.0,230.0,171.9411163330078,-11.088274002075195,172.29827880859375,0.0,0.32567429542541504,3.7600581645965576
3203,3303,9,1,0.003120000008493662,0.028860000893473625,0.15252000093460083,0.0,986.0,888.0,0.0,3203,230.0,230.0,75.40863037109375,-13.05526065826416,76.5303955078125,0.0,0.1781393140554428,1.647788643836975
3203,3305,1,1,0.0010999999940395355,0.01269999984651804,0.04800000041723251,0.0,1120.0,1120.0,0.0,3203,230.0,230.0,80.00336456298828,35.21836471557617,87.41207885742188,0.0,0.08588056266307831,0.991530179977417
3203,3923,1,1,0.003120000008493662,0.028860000893473625,0.15252000093460083,0.0,986.0,888.0,0.0,3203,230.0,230.0,-200.22427368164062,-39.6468620300293,204.11181640625,0.0,1.2813704013824463,11.852677345275879
3203,3923,2,1,0.003120000008493662,0.028860000893473625,0.15252000093460083,0.0,986.0,888.0,0.0,3203,230.0,230.0,-200.22427368164062,-39.6468620300293,204.11181640625,0.0,1.2813704013824463,11.852677345275879
3204,3205,1,1,0.0010999999940395355,0.01269999984651804,0.04800000041723251,0.0,1120.0,1120.0,0.0,3205,230.0,230.0,374.4952087402344,46.789939880371094,377.4068908691406,0.0,1.5384588241577148,17.76220703125
3204,3205,2,1,0.0010999999940395355,0.01269999984651804,0.04800000041723251,0.0,1120.0,1120.0,0.0,3205,230.0,230.0,374.4952087402344,46.789939880371094,377.4068908691406,0.0,1.5384588241577148,17.76220703125
3204,3923,1,1,0.003120000008493662,0.028860000893473625,0.15252000093460083,0.0,986.0,888.0,0.0,3204,230.0,230.0,69.16034698486328,-41.1408576965332,80.47188568115234,0.0,0.1803351193666458,1.6680998802185059
3204,3923,2,1,0.003120000008493662,0.028860000893473625,0.15252000093460083,0.0,986.0,888.0,0.0,3204,230.0,230.0,69.16034698486328,-41.1408576965332,80.47188568115234,0.0,0.1803351193666458,1.6680998802185059
3205,3914,1,1,0.003120000008493662,0.028860000893473625,0.15252000093460083,0.0,986.0,888.0,0.0,3205,230.0,230.0,-19.170360565185547,27.307710647583008,33.3648567199707,0.0,0.04948797449469566,0.45776376128196716
3205,3915,1,1,0.003120000008493662,0.028860000893473625,0.15252000093460083,0.0,986.0,888.0,0.0,3205,230.0,230.0,53.05426788330078,0.18190592527389526,53.05458068847656,0.0,0.08958268910646439,0.8286399841308594
3301,3902,1,1,0.0005300000193528831,0.012969999574124813,0.0,0.0,0.0,2450.0,0.0,3301,500.0,500.0,-331.1710510253906,108.96112823486328,348.6356201171875,0.0,0.6298675537109375,15.413928031921387
3301,3903,1,1,0.0005000000237487257,0.00880999956279993,0.5987799763679504,0.0,0.0,0.0,0.0,3301,500.0,500.0,100.25602722167969,-303.7021484375,319.822265625,0.0,0.41371262073516846,7.289616107940674
3302,3304,1,1,0.0010999999940395355,0.01269999984651804,0.04800000041723251,0.0,1120.0,1120.0,0.0,3302,230.0,230.0,-86.62181854248047,-37.504127502441406,94.39225769042969,0.0,0.09924179315567017,1.1457916498184204
3302,3304,2,1,0.0010999999940395355,0.01269999984651804,0.04800000041723251,0.0,1120.0,1120.0,0.0,3302,230.0,230.0,-86.62181854248047,-37.504127502441406,94.39225769042969,0.0,0.09924179315567017,1.1457916498184204
3303,3304,1,1,0.0010999999940395355,0.01269999984651804,0.04800000041723251,0.0,1120.0,1120.0,0.0,3303,230.0,230.0,218.66925048828125,61.3813591003418,227.12091064453125,0.0,0.5707273483276367,6.589306831359863
3303,3304,2,1,0.0010999999940395355,0.01269999984651804,0.04800000041723251,0.0,1120.0,1120.0,0.0,3303,230.0,230.0,218.66925048828125,61.3813591003418,227.12091064453125,0.0,0.5707273483276367,6.589306831359863
3303,3304,3,1,0.0010999999940395355,0.01269999984651804,0.04800000041723251,0.0,1120.0,1120.0,0.0,3303,230.0,230.0,218.66925048828125,61.3813591003418,227.12091064453125,0.0,0.5707273483276367,6.589306831359863
3303,3918,1,1,0.003120000008493662,0.028860000893473625,0.15252000093460083,0.0,986.0,888.0,0.0,3303,230.0,230.0,34.89665222167969,10.103178024291992,36.32974624633789,0.0,0.047801513224840164,0.44216400384902954
3303,3918,2,1,0.003120000008493662,0.028860000893473625,0.15252000093460083,0.0,986.0,888.0,0.0,3303,230.0,230.0,34.89665222167969,10.103178024291992,36.32974624633789,0.0,0.047801513224840164,0.44216400384902954
3305,3923,1,1,0.003120000008493662,0.028860000893473625,0.15252000093460083,0.0,986.0,888.0,0.0,3305,230.0,230.0,-234.8341522216797,-52.76603698730469,240.6892852783203,0.0,1.8025739192962646,16.673809051513672
3401,3402,1,1,0.003120000008493662,0.028860000893473625,0.15252000093460083,0.0,986.0,888.0,0.0,3401,230.0,230.0,0.0017030268209055066,-14.268024444580078,14.268024444580078,0.0,0.0017030219314619899,0.01575295440852642
3401,3402,2,1,0.003120000008493662,0.028860000893473625,0.15252000093460083,0.0,986.0,888.0,0.0,3401,230.0,230.0,0.0017030268209055066,-14.268024444580078,14.268024444580078,0.0,0.0017030219314619899,0.01575295440852642
3401,3404,1,1,0.003120000008493662,0.028860000893473625,0.15252000093460083,0.0,986.0,888.0,0.0,3401,230.0,230.0,-302.2112121582031,-33.56462097167969,304.06939697265625,0.0,3.072758913040161,28.423023223876953
3401,3405,1,1,0.003120000008493662,0.028860000893473625,0.15252000093460083,0.0,986.0,888.0,0.0,3405,230.0,230.0,97.69692993164062,-0.8979446887969971,97.70105743408203,0.0,0.3199775516986847,2.9597926139831543
3401,3405,2,1,0.003120000008493662,0.028860000893473625,0.15252000093460083,0.0,986.0,888.0,0.0,3405,230.0,230.0,97.69692993164062,-0.8979446887969971,97.70105743408203,0.0,0.3199775516986847,2.9597926139831543
3401,3804,1,1,0.003120000008493662,0.028860000893473625,0.15252000093460083,0.0,986.0,888.0,0.0,3401,230.0,230.0,-399.00579833984375,-60.32145690917969,403.5397033691406,0.0,5.410109996795654,50.043521881103516
3403,3404,1,1,0.003120000008493662,0.028860000893473625,0.15252000093460083,0.0,986.0,888.0,0.0,3403,230.0,230.0,426.7778015136719,12.957077980041504,426.97442626953125,0.0,5.6959638595581055,52.68766403198242
3403,3804,1,1,0.003120000008493662,0.028860000893473625,0.15252000093460083,0.0,986.0,888.0,0.0,3403,230.0,230.0,334.8487243652344,-35.43265151977539,336.7181701660156,0.0,3.522382974624634,32.58204650878906
3404,3804,2,1,0.003120000008493662,0.028860000893473625,0.15252000093460083,0.0,986.0,888.0,0.0,3404,230.0,230.0,-96.087890625,-43.64388656616211,105.53516387939453,0.0,0.336726576089859,3.1147210597991943
3404,3917,1,1,0.003120000008493662,0.028860000893473625,0.15252000093460083,0.0,986.0,888.0,0.0,3917,230.0,230.0,-27.483016967773438,-78.91632080078125,83.56495666503906,0.0,0.1872502565383911,1.732064962387085
3404,3918,1,1,0.003120000008493662,0.028860000893473625,0.15252000093460083,0.0,986.0,888.0,0.0,3918,230.0,230.0,-156.3441925048828,-5.685547828674316,156.44754028320312,0.0,0.7807928323745728,7.222334384918213
3405,3907,1,1,0.003120000008493662,0.028860000893473625,0.15252000093460083,0.0,986.0,888.0,0.0,3405,230.0,230.0,-106.11873626708984,-18.7735595703125,107.76657104492188,0.0,0.3842048943042755,3.5538952350616455
3405,3907,2,1,0.003120000008493662,0.028860000893473625,0.15252000093460083,0.0,986.0,888.0,0.0,3405,230.0,230.0,-106.11873626708984,-18.7735595703125,107.76657104492188,0.0,0.3842048943042755,3.5538952350616455
3501,3914,1,1,0.003120000008493662,0.028860000893473625,0.15252000093460083,0.0,986.0,888.0,0.0,3501,230.0,230.0,226.27598571777344,5.233273029327393,226.3365020751953,0.0,1.6026248931884766,14.824281692504883
3501,3915,1,1,0.003120000008493662,0.028860000893473625,0.15252000093460083,0.0,986.0,888.0,0.0,3501,230.0,230.0,300.2088928222656,-16.59475326538086,300.66717529296875,0.0,2.8144211769104004,26.033397674560547
3601,3925,1,1,0.003120000008493662,0.028860000893473625,0.15252000093460083,0.0,986.0,888.0,0.0,3601,115.0,115.0,2.630371332168579,-60.51169204711914,60.56883239746094,0.0,0.08417582511901855,0.7786264419555664
3701,3926,1,1,0.003120000008493662,0.028860000893473625,0.15252000093460083,0.0,986.0,888.0,0.0,3701,115.0,115.0,-64.90098571777344,30.328020095825195,71.63746643066406,0.0,0.17430415749549866,1.6123135089874268
3701,3926,2,1,0.003120000008493662,0.028860000893473625,0.15252000093460083,0.0,986.0,888.0,0.0,3701,115.0,115.0,-64.90098571777344,30.328020095825195,71.63746643066406,0.0,0.17430415749549866,1.6123135089874268
3801,3802,1,1,0.0007899999618530273,0.019370000809431076,1.3285000324249268,0.0,0.0,0.0,0.0,3802,500.0,500.0,588.097900390625,-2.0213067531585693,588.1013793945312,0.0,2.519256830215454,61.769630432128906
3801,3803,1,1,0.0008699999889358878,0.02087000012397766,1.4571000337600708,0.0,0.0,0.0,0.0,3801,500.0,500.0,673.8984985351562,-50.823402404785156,675.812255859375,0.0,3.59732723236084,86.29450988769531
3801,3803,2,1,0.0008699999889358878,0.02087000012397766,1.4571000337600708,0.0,0.0,0.0,0.0,3801,500.0,500.0,673.8984985351562,-50.823402404785156,675.812255859375,0.0,3.59732723236084,86.29450988769531
3802,3891,1,1,0.0007199999527074397,0.01600000075995922,1.0879000425338745,0.0,0.0,2450.0,0.0,3802,500.0,500.0,412.01165771484375,-162.1269989013672,442.7626647949219,0.0,1.2082412242889404,26.849809646606445
3802,3901,1,1,0.0008300000336021185,0.019850000739097595,0.0,0.0,0.0,2450.0,0.0,3901,500.0,500.0,26.53142738342285,36.50246810913086,45.12590026855469,0.0,0.015714304521679878,0.37581804394721985
3803,3891,1,1,1.9999999494757503e-05,-0.009979999624192715,0.0,0.0,0.0,2450.0,0.0,3891,500.0,500.0,-410.7720947265625,54.59358215332031,414.38409423828125,0.0,0.03137858584523201,-15.657913208007812
3803,3892,1,1,9.999999406318238e-08,-0.009349999949336052,0.0,0.0,0.0,2134.0,0.0,3803,500.0,500.0,650.4945068359375,-101.6275634765625,658.3853759765625,0.0,0.0003960569738410413,-37.03132629394531
3803,3894,1,1,9.999999406318238e-08,-0.009440000168979168,0.0,0.0,0.0,2134.0,0.0,3803,500.0,500.0,654.8734741210938,-103.54349517822266,663.0086669921875,0.0,0.0004016388556919992,-37.914710998535156
3803,3896,1,1,9.999999406318238e-08,-0.009349999949336052,0.0,0.0,0.0,2134.0,0.0,3803,500.0,500.0,693.5587158203125,-102.07142639160156,701.0294799804688,0.0,0.0004490242572501302,-41.983768463134766
3803,3901,1,1,0.0015299998922273517,0.014700000174343586,0.0,0.0,0.0,1560.0,0.0,3803,500.0,500.0,-127.482177734375,130.36917114257812,182.33985900878906,0.0,0.4647848606109619,4.465580463409424
3804,3806,1,1,0.003120000008493662,0.028860000893473625,0.15252000093460083,0.0,986.0,888.0,0.0,3806,230.0,230.0,-224.9522705078125,-34.25901794433594,227.54605102539062,0.0,1.593462347984314,14.73952865600586
3805,3806,1,1,0.003120000008493662,0.028860000893473625,0.15252000093460083,0.0,986.0,888.0,0.0,3806,230.0,230.0,-190.5667724609375,75.26710510253906,204.89224243164062,0.0,1.260474681854248,11.659391403198242
3892,3893,1,1,0.0012299999361857772,0.026590000838041306,1.9870200157165527,0.0,0.0,3600.0,0.0,3892,500.0,500.0,650.4940795898438,-64.59624481201172,653.6935424804688,0.0,4.844615459442139,104.73035430908203
3894,3895,1,1,0.0012300001690164208,0.02662000246345997,1.988800048828125,0.0,0.0,3600.0,0.0,3894,500.0,500.0,654.8731079101562,-65.62877655029297,658.1533813476562,0.0,4.910789966583252,106.28067016601562
3896,3897,1,1,0.001120000029914081,0.02517000027000904,1.835860013961792,0.0,0.0,3600.0,0.0,3896,500.0,500.0,693.5582885742188,-60.0876579284668,696.1563110351562,0.0,5.007376670837402,112.53185272216797
3901,3902,1,1,0.0005300000193528831,0.012969999574124813,0.0,0.0,0.0,2450.0,0.0,3902,500.0,500.0,-508.219970703125,275.23785400390625,577.9649047851562,0.0,1.6691099405288696,40.845951080322266
3901,3903,1,1,0.0009299999219365418,0.03643999993801117,1.3895000219345093,0.0,0.0,2450.0,0.0,3903,500.0,500.0,-37.33890151977539,-85.93087005615234,93.692626953125,0.0,0.013537217862904072,0.5304260849952698
3901,8002,1,1,0.0006799999973736703,0.015850000083446503,1.1512600183486938,0.0,0.0,1800.0,0.0,8002,500.0,500.0,199.92404174804688,-145.07427978515625,247.01451110839844,0.0,0.3014921545982361,7.027427673339844
3903,3904,1,1,9.99999883788405e-06,0.0035899998620152473,0.9781200289726257,0.0,0.0,2450.0,0.0,3903,500.0,500.0,90.26577758789062,-37.64206314086914,97.79998016357422,0.0,0.0007813435513526201,0.2805023789405823
3903,3905,9,1,0.0009800000116229057,0.010350000113248825,0.0,0.0,0.0,0.0,0.0,3903,500.0,500.0,142.47030639648438,-157.25083923339844,212.19239807128906,0.0,0.4121875762939453,4.353205680847168
3903,8002,1,1,0.0016499999910593033,0.057190001010894775,2.477400064468384,0.0,0.0,2450.0,0.0,3903,500.0,500.0,80.12146759033203,-146.45736694335938,166.94073486328125,0.0,0.1019023135304451,3.531996250152588
3904,3905,9,1,0.0015999999595806003,0.01228999998420477,0.0,0.0,0.0,0.0,0.0,3904,500.0,500.0,87.87848663330078,-137.13790893554688,162.8785858154297,0.0,0.39690732955932617,3.0487444400787354
3905,3906,9,1,0.0007200000691227615,0.0034600000362843275,0.0,0.0,0.0,0.0,0.0,3905,500.0,500.0,-476.2138366699219,-528.0922241210938,711.0984497070312,0.0,3.3076062202453613,15.894885063171387
3906,4001,1,1,0.000530000077560544,0.004559999797493219,0.7634999752044678,0.0,0.0,0.0,0.0,3906,500.0,500.0,161.13697814941406,-298.5462341308594,339.25653076171875,0.0,0.42092764377593994,3.621565580368042
3906,4001,2,1,0.000530000077560544,0.004559999797493219,0.7634999752044678,0.0,0.0,0.0,0.0,3906,500.0,500.0,161.13697814941406,-298.5462341308594,339.25653076171875,0.0,0.42092764377593994,3.621565580368042
3907,3908,1,1,0.003120000008493662,0.028860000893473625,0.15252000093460083,0.0,986.0,888.0,0.0,3907,230.0,230.0,160.5811309814453,-39.211769104003906,165.29931640625,0.0,0.8899185657501221,8.2317476272583
3907,3923,1,1,0.003120000008493662,0.028860000893473625,0.15252000093460083,0.0,986.0,888.0,0.0,3907,230.0,230.0,-750.7800903320312,-3.8825266361236572,750.7901611328125,0.0,18.708454132080078,173.05320739746094
3907,8004,1,1,0.013819999992847443,0.09267999976873398,0.11060000211000443,0.0,0.0,747.0,0.0,3907,230.0,230.0,-40.086753845214844,-30.433263778686523,50.330223083496094,0.0,0.32986071705818176,2.2121195793151855
3908,3920,1,1,0.003120000008493662,0.028860000893473625,0.15252000093460083,0.0,986.0,888.0,0.0,3908,230.0,230.0,-22.536001205444336,-55.75770568847656,60.1397819519043,0.0,0.09385967254638672,0.8682019710540771
3909,3919,1,1,0.003120000008493662,0.028860000893473625,0.15252000093460083,0.0,986.0,888.0,0.0,3909,230.0,230.0,-70.58760833740234,-31.028505325317383,77.10627746582031,0.0,0.17723806202411652,1.6394522190093994
3909,3920,1,1,0.003120000008493662,0.028860000893473625,0.15252000093460083,0.0,986.0,888.0,0.0,3909,230.0,230.0,-86.8028793334961,-6.43941593170166,87.0414047241211,0.0,0.2411206215620041,2.2303659915924072
3910,3911,1,1,0.024819999933242798,0.16937999427318573,0.20231999456882477,0.0,0.0,838.0,0.0,3911,230.0,230.0,-95.1252670288086,-25.276426315307617,98.42618560791016,0.0,2.4031975269317627,16.400224685668945
3910,3924,1,1,0.014800000935792923,0.10101000219583511,0.12065999954938889,0.0,0.0,838.0,0.0,3910,230.0,230.0,-128.6483154296875,-7.486792087554932,128.86598205566406,0.0,2.55305814743042,17.42462158203125
3911,3912,1,1,0.013819999992847443,0.09267999976873398,0.11060000211000443,0.0,0.0,747.0,0.0,3911,230.0,230.0,123.14080047607422,2.90039324760437,123.1749496459961,0.0,1.9363499879837036,12.985594749450684
3911,3916,1,1,0.016680000349879265,0.11381000280380249,0.13607999682426453,0.0,0.0,838.0,0.0,3911,230.0,230.0,96.3682861328125,2.4043641090393066,96.39826965332031,0.0,1.4385970830917358,9.815752029418945
3911,3921,1,1,0.011130000464618206,0.06678000092506409,0.0728600025177002,0.0,0.0,752.0,0.0,3911,230.0,230.0,-165.3179473876953,-10.434356689453125,165.64691162109375,0.0,2.800276041030884,16.80165672302246
3911,3921,2,1,0.010499999858438969,0.06539999693632126,0.06859999895095825,0.0,0.0,602.0,0.0,3911,230.0,230.0,-168.9285125732422,-11.352008819580078,169.30950927734375,0.0,2.759807825088501,17.189659118652344
3911,3921,3,1,0.011049999855458736,0.06641999632120132,0.07159999758005142,0.0,0.0,752.0,0.0,3911,230.0,230.0,-166.22019958496094,-10.449908256530762,166.54835510253906,0.0,2.8106417655944824,16.894371032714844
3911,3924,1,1,0.03903000056743622,0.27402999997138977,0.3107199966907501,0.0,0.0,747.0,0.0,3911,230.0,230.0,10.455090522766113,-5.521793842315674,11.823667526245117,0.0,0.08567754179239273,0.6015428304672241
3911,8003,1,1,0.013819999992847443,0.09267999976873398,0.11060000211000443,0.0,0.0,747.0,0.0,3911,230.0,230.0,-18.829689025878906,-39.10060501098633,43.39832305908203,0.0,0.18408441543579102,1.234511137008667
3911,8003,2,1,0.013819999992847443,0.09267999976873398,0.11060000211000443,0.0,0.0,747.0,0.0,3911,230.0,230.0,-18.829689025878906,-39.10060501098633,43.39832305908203,0.0,0.18408441543579102,1.234511137008667
3912,3924,1,1,0.030579999089241028,0.2046000063419342,0.244719997048378,0.0,0.0,747.0,0.0,3912,230.0,230.0,-39.563987731933594,2.333982229232788,39.63277053833008,0.0,0.5231348872184753,3.5001113414764404
3913,3920,1,1,0.003120000008493662,0.028860000893473625,0.15252000093460083,0.0,986.0,888.0,0.0,3913,230.0,230.0,210.54856872558594,-31.3223876953125,212.86566162109375,0.0,1.43526291847229,13.276182174682617
3913,3920,2,1,0.003120000008493662,0.028860000893473625,0.15252000093460083,0.0,986.0,888.0,0.0,3913,230.0,230.0,210.54856872558594,-31.3223876953125,212.86566162109375,0.0,1.43526291847229,13.276182174682617
3913,3923,1,1,0.003120000008493662,0.028860000893473625,0.15252000093460083,0.0,986.0,888.0,0.0,3913,230.0,230.0,-699.1678466796875,38.55076599121094,700.2297973632812,0.0,15.693312644958496,145.16314697265625
3913,8004,1,1,0.013819999992847443,0.09267999976873398,0.11060000211000443,0.0,0.0,747.0,0.0,3913,230.0,230.0,-19.30801010131836,-15.204273223876953,24.57578468322754,0.0,0.06640097498893738,0.44529974460601807
3915,3924,1,1,0.003120000008493662,0.028860000893473625,0.15252000093460083,0.0,986.0,888.0,0.0,3924,230.0,230.0,120.19853210449219,-61.39447784423828,134.9702606201172,0.0,0.5443627834320068,5.035356044769287
3916,3924,1,1,0.022350000217556953,0.16106000542640686,0.18342000246047974,0.0,0.0,838.0,0.0,3916,230.0,230.0,-47.93733215332031,7.100130558013916,48.460289001464844,0.0,0.5510773062705994,3.9712085723876953
3919,3922,1,1,0.003120000008493662,0.028860000893473625,0.15252000093460083,0.0,986.0,888.0,0.0,3919,230.0,230.0,-241.88401794433594,-40.6812858581543,245.28115844726562,0.0,1.8716285228729248,17.312564849853516
3920,3922,1,1,0.003120000008493662,0.028860000893473625,0.15252000093460083,0.0,986.0,888.0,0.0,3922,230.0,230.0,-223.2158660888672,-65.96772766113281,232.75967407226562,0.0,1.694179892539978,15.671163558959961
3923,8005,1,1,0.013819999992847443,0.09267999976873398,0.11060000211000443,0.0,0.0,747.0,0.0,3923,230.0,230.0,237.28646850585938,0.5795974135398865,237.2871856689453,0.0,7.519672870635986,50.4286003112793
3923,8005,2,1,0.013819999992847443,0.09267999976873398,0.11060000211000443,0.0,0.0,747.0,0.0,3923,230.0,230.0,237.28646850585938,0.5795974135398865,237.2871856689453,0.0,7.519672870635986,50.4286003112793
4001,4090,1,1,0.0007200000109151006,0.013819999992847443,1.2757200002670288,0.0,0.0,3600.0,0.0,4001,500.0,500.0,-298.9238586425781,-293.8218688964844,419.1500549316406,0.0,0.848774254322052,16.291749954223633
4001,4094,1,1,0.0007799999439157546,0.01501999981701374,1.138100028038025,0.0,0.0,3020.0,0.0,4094,500.0,500.0,-37.35561752319336,-250.80654907226562,253.5731964111328,0.0,0.2368006408214569,4.559929847717285
4001,4097,1,1,0.0007399999885819852,0.01413000002503395,1.0663399696350098,0.0,0.0,3020.0,0.0,4097,500.0,500.0,-40.0244255065918,-256.3348388671875,259.44073486328125,0.0,0.24929682910442352,4.7602219581604
4001,4204,1,1,0.0007799999439157546,0.0023900000378489494,1.138100028038025,0.0,0.0,2400.0,0.0,4204,500.0,500.0,1608.8795166015625,251.86212158203125,1628.4739990234375,0.0,17.987125396728516,55.11439895629883
4001,8001,1,1,0.0010600000387057662,0.012930000200867653,0.0,0.0,0.0,0.0,0.0,4001,500.0,500.0,27.07110023498535,124.79991912841797,127.7022476196289,0.0,0.14820247888565063,1.8077906370162964
4002,4003,1,1,0.0012199998600408435,0.023730000481009483,2.2070999145507812,0.0,0.0,1732.0,0.0,4003,500.0,500.0,-719.4369506835938,-117.69280242919922,729.0001220703125,0.0,5.0910964012146,99.02600860595703
4002,4090,1,1,0.00012000000424450263,0.0023799999617040157,0.21926000714302063,0.0,0.0,2000.0,0.0,4090,500.0,500.0,299.88006591796875,132.026123046875,327.65673828125,0.0,0.10744713991880417,2.1310348510742188
4002,4091,1,1,0.0006000000284984708,0.010359999723732471,1.0145599842071533,0.0,0.0,2000.0,0.0,4091,500.0,500.0,247.4233856201172,-37.23988342285156,250.21018981933594,0.0,0.299127459526062,5.164933681488037
4003,6101,1,1,0.0026400003116577864,0.026890000328421593,5.2906599044799805,0.0,0.0,1732.0,0.0,4003,500.0,500.0,-724.528076171875,60.75634765625,727.071044921875,0.0,14.162166595458984,144.250244140625
4004,4005,1,1,0.0006299999658949673,0.01411999948322773,1.0975600481033325,0.0,0.0,3450.0,0.0,4005,500.0,500.0,-48.09114456176758,102.04830169677734,112.81229400634766,0.0,0.15967901051044464,3.5788376331329346
4004,4005,2,1,0.0010900000343099236,0.024080000817775726,1.5554200410842896,0.0,0.0,3020.0,0.0,4005,500.0,500.0,-28.13484001159668,4.555970191955566,28.50133514404297,0.0,0.0949871689081192,2.0984320640563965
4004,4005,3,1,0.00107999995816499,0.024089999496936798,1.5534800291061401,0.0,0.0,3020.0,0.0,4005,500.0,500.0,-28.16651153564453,4.622316360473633,28.54326820373535,0.0,0.09404128044843674,2.0976428985595703
4004,4091,1,1,0.0004100000369362533,0.00737000023946166,0.7269399762153625,0.0,0.0,3450.0,0.0,4004,500.0,500.0,-246.86685180664062,-167.41993713378906,298.2828674316406,0.0,0.25742700695991516,4.627407073974609
4004,4092,1,1,0.0006599999614991248,0.012659999541938305,0.9597600102424622,0.0,0.0,3020.0,0.0,4004,500.0,500.0,37.62044906616211,2.877223491668701,37.73031234741211,0.0,0.028003597632050514,0.5371599197387695
4004,4095,1,1,0.0006599999614991248,0.012659999541938305,0.9597600102424622,0.0,0.0,3020.0,0.0,4004,500.0,500.0,40.31359100341797,17.265003204345703,43.85505676269531,0.0,0.03983647748827934,0.7641360759735107
4005,4006,1,1,0.00022999999055173248,0.004509999882429838,0.33320000767707825,0.0,0.0,2175.0,0.0,4005,500.0,500.0,1629.268798828125,45.95026397705078,1629.9166259765625,0.0,5.242816925048828,102.80479431152344
4005,4006,2,1,0.00019999999494757503,0.004459999967366457,0.3050000071525574,0.0,0.0,2175.0,0.0,4005,500.0,500.0,1647.5819091796875,58.46586990356445,1648.618896484375,0.0,4.664506912231445,104.01850891113281
4005,4102,1,1,0.0012000000569969416,0.023159999400377274,1.7151999473571777,0.0,0.0,0.0,0.0,4102,500.0,500.0,-827.7802734375,-63.963294982910156,830.247802734375,0.0,7.0629730224609375,136.3153839111328
4005,4102,2,1,0.0003000000142492354,0.019999999552965164,3.5999999046325684,0.0,0.0,0.0,0.0,4102,500.0,500.0,-960.6359252929688,-203.44349670410156,981.9423217773438,0.0,2.3736209869384766,158.24139404296875
4005,4202,1,1,0.00019999999494757503,0.008200000040233135,1.2999999523162842,0.0,0.0,0.0,0.0,4202,500.0,500.0,714.3541259765625,188.13633728027344,738.713134765625,0.0,0.9944659471511841,40.773109436035156
4005,6202,1,1,0.0019600000232458115,0.03303999826312065,1.8799999952316284,0.0,0.0,0.0,0.0,4005,500.0,500.0,-501.6485595703125,-92.6742935180664,510.1370544433594,0.0,4.233545780181885,71.365478515625
4006,4007,1,1,9.999999747378752e-06,0.0003000000142492354,0.014340000227093697,0.0,0.0,3450.0,0.0,4006,500.0,500.0,1164.355712890625,-39.59281539916992,1165.0286865234375,0.0,0.11723916977643967,3.5171754360198975
4006,4007,2,1,9.999999747378752e-06,0.0003000000142492354,0.01844000071287155,0.0,0.0,3450.0,0.0,4006,500.0,500.0,1164.355712890625,-39.83013153076172,1165.036865234375,0.0,0.11723916977643967,3.5171754360198975
4006,4202,1,1,0.00019999999494757503,0.008200000040233135,1.2999999523162842,0.0,0.0,0.0,0.0,4202,500.0,500.0,-167.4935760498047,139.1226043701172,217.7365264892578,0.0,0.12785951793193817,5.242240905761719
4008,6401,1,1,0.006199999712407589,0.06729999929666519,1.1155999898910522,0.0,0.0,0.0,0.0,6401,345.0,345.0,330.6309509277344,-51.25336456298828,334.5799255371094,0.0,5.819472789764404,63.169437408447266
4009,4010,1,1,5.999999848427251e-05,0.0013099999632686377,0.0037799999117851257,0.0,0.0,3020.0,0.0,4009,230.0,230.0,377.7401123046875,89.96809387207031,388.3063659667969,0.0,0.07758309692144394,1.6938974857330322
4009,4010,2,1,6.000000212225132e-05,0.0011599999852478504,0.0033199999015778303,0.0,0.0,3020.0,0.0,4009,230.0,230.0,427.05706787109375,99.1063461303711,438.406005859375,0.0,0.09888797253370285,1.9118338823318481
4009,4104,1,1,0.0020000000949949026,0.019999999552965164,0.800000011920929,0.0,0.0,0.0,0.0,4009,230.0,230.0,337.0046691894531,81.26191711425781,346.66357421875,0.0,2.22796893119812,22.279687881469727
4092,4093,1,1,9.999999406318238e-08,0.0016499999910593033,0.0,0.0,0.0,2400.0,0.0,4092,500.0,500.0,37.592445373535156,117.98693084716797,123.83096313476562,0.0,1.2810352018277626e-05,0.2113708108663559
4093,4094,1,1,9.999999406318238e-08,-0.012629999779164791,0.0,0.0,0.0,2400.0,0.0,4093,500.0,500.0,37.592430114746094,117.77555847167969,123.62957763671875,0.0,1.2810352018277626e-05,-1.6179475784301758
4095,4096,1,1,9.999999406318238e-08,0.0016499999910593033,0.0,0.0,0.0,2000.0,0.0,4095,500.0,500.0,40.27375411987305,131.9725799560547,137.98094177246094,0.0,1.595390676811803e-05,0.26323947310447693
4096,4097,1,1,9.999999406318238e-08,-0.012629999779164791,0.0,0.0,0.0,2000.0,0.0,4096,500.0,500.0,40.273738861083984,131.7093505859375,137.7291717529297,0.0,1.595390676811803e-05,-2.0149786472320557
4101,4102,1,1,0.0011300001060590148,0.02068999968469143,1.8552600145339966,0.0,0.0,0.0,0.0,4102,500.0,500.0,765.790771484375,62.61531066894531,768.3463745117188,0.0,5.497925281524658,100.66554260253906
4101,4102,2,1,0.0011300001060590148,0.02068999968469143,1.8552600145339966,0.0,0.0,0.0,0.0,4102,500.0,500.0,765.790771484375,62.61531066894531,768.3463745117188,0.0,5.497925281524658,100.66554260253906
4101,4103,1,1,0.000699999975040555,0.07400000095367432,4.869999885559082,0.0,0.0,0.0,0.0,4103,500.0,500.0,427.774658203125,-185.78048706054688,466.3749084472656,0.0,1.0913748741149902,115.3739242553711
4101,4103,2,1,0.0020000000949949026,0.019999999552965164,0.800000011920929,0.0,0.0,0.0,0.0,4101,500.0,500.0,1609.721435546875,262.07122802734375,1630.9151611328125,0.0,42.26948165893555,422.69476318359375
4101,4201,1,1,0.00019999999494757503,0.008200000040233135,1.2999999523162842,0.0,0.0,0.0,0.0,4201,500.0,500.0,1929.91943359375,101.06015014648438,1932.5635986328125,0.0,5.907585620880127,242.21102905273438
4101,4201,2,1,0.00019999999494757503,0.008200000040233135,1.2999999523162842,0.0,0.0,0.0,0.0,4201,500.0,500.0,1929.91943359375,101.06015014648438,1932.5635986328125,0.0,5.907585620880127,242.21102905273438
4102,4201,1,1,0.00019999999494757503,0.008200000040233135,1.2999999523162842,0.0,0.0,0.0,0.0,4201,500.0,500.0,-30.973777770996094,-398.0867614746094,399.2899169921875,0.0,0.1720995008945465,7.056078910827637
4102,4201,2,1,0.00019999999494757503,0.008200000040233135,1.2999999523162842,0.0,0.0,0.0,0.0,4201,500.0,500.0,-30.973777770996094,-398.0867614746094,399.2899169921875,0.0,0.1720995008945465,7.056078910827637
4102,4202,1,1,0.00019999999494757503,0.008200000040233135,1.2999999523162842,0.0,0.0,0.0,0.0,4202,500.0,500.0,3023.5791015625,651.8626098632812,3093.049560546875,0.0,16.108417510986328,660.4451904296875
4102,4202,2,1,0.00019999999494757503,0.008200000040233135,1.2999999523162842,0.0,0.0,0.0,0.0,4202,500.0,500.0,3023.5791015625,651.8626098632812,3093.049560546875,0.0,16.108417510986328,660.4451904296875
4102,6202,1,1,0.0014199999859556556,0.022579999640583992,1.8799999952316284,0.0,0.0,0.0,0.0,4102,500.0,500.0,117.53402709960938,-113.02113342285156,163.058349609375,0.0,0.16330328583717346,2.596752166748047
4103,6202,1,1,0.000699999975040555,0.07400000095367432,4.869999885559082,0.0,0.0,0.0,0.0,6202,500.0,500.0,-180.29891967773438,-292.9175109863281,343.9598388671875,0.0,0.19522051513195038,20.637598037719727
4104,5004,1,1,0.0020000000949949026,0.07999999821186066,0.800000011920929,0.0,0.0,0.0,0.0,4104,230.0,230.0,-53.036617279052734,-87.9925537109375,102.74031829833984,0.0,0.08544664829969406,3.4178659915924072
4201,4202,1,1,0.0010900000343099236,0.024080000817775726,1.5554200410842896,0.0,0.0,3020.0,0.0,4202,500.0,500.0,1069.0264892578125,246.98046875,1097.1859130859375,0.0,10.961894035339355,242.1673583984375
4201,5001,1,1,0.0008300000336021185,0.019999999552965164,3.299999952316284,0.0,0.0,0.0,0.0,4201,500.0,500.0,1023.8335571289062,229.18540954589844,1049.171630859375,0.0,8.194608688354492,197.46043395996094
4202,4203,1,1,0.0006599999614991248,0.0016499999910593033,0.9597600102424622,0.0,0.0,3020.0,0.0,4202,500.0,500.0,3947.90380859375,444.2265930175781,3972.81787109375,0.0,93.00910186767578,232.52276611328125
4203,4204,1,1,0.0007400000467896461,0.012659999541938305,1.082200050354004,0.0,0.0,2400.0,0.0,4203,500.0,500.0,-579.856689453125,-269.3370361328125,639.3560791015625,0.0,2.662332534790039,45.54747009277344
5001,5002,1,1,0.0035000001080334187,0.007000000216066837,4.605999946594238,0.0,0.0,0.0,0.0,5001,500.0,500.0,239.24441528320312,-444.9862365722656,505.2233581542969,0.0,2.976179599761963,5.952359199523926
5003,5004,1,1,0.0020000000949949026,0.07999999821186066,0.800000011920929,0.0,0.0,0.0,0.0,5003,230.0,230.0,53.20777893066406,-88.30877685546875,103.09950256347656,0.0,0.08571437001228333,3.428574562072754
6102,6103,1,1,0.0012000000569969416,0.0023159999400377274,1.7151999473571777,0.0,0.0,0.0,0.0,6103,345.0,345.0,1403.814453125,-151.30397033691406,1411.9447021484375,0.0,22.331989288330078,43.100730895996094
6102,6301,1,1,1.0000000116860974e-07,0.004600000102072954,0.30000001192092896,0.0,0.0,2000.0,0.0,6102,345.0,345.0,205.45294189453125,260.0141906738281,331.388427734375,0.0,0.00011155341053381562,5.1314568519592285
6102,6403,1,1,0.006199999712407589,0.06729999929666519,1.1155999898910522,0.0,0.0,0.0,0.0,6403,345.0,345.0,362.68194580078125,-173.52256774902344,402.0550842285156,0.0,8.451327323913574,91.73780059814453
6103,6301,1,1,1.0000000116860974e-07,0.004600000102072954,0.0,0.0,0.0,2000.0,0.0,6103,345.0,345.0,-511.4272155761719,-42.82716751098633,513.21728515625,0.0,0.0002554057282395661,11.748663902282715
6103,6301,2,1,1.0000000116860974e-07,0.004600000102072954,0.0,0.0,0.0,2000.0,0.0,6103,345.0,345.0,-511.4272155761719,-42.82716751098633,513.21728515625,0.0,0.0002554057282395661,11.748663902282715
6103,6501,1,1,0.006199999712407589,0.06729999929666519,1.1155999898910522,0.0,0.0,0.0,0.0,6501,345.0,345.0,407.9300842285156,-50.55178451538086,411.0504150390625,0.0,10.007328033447266,108.6279296875
6103,6501,2,1,0.006199999712407589,0.06729999929666519,1.1155999898910522,0.0,0.0,0.0,0.0,6501,345.0,345.0,407.9300842285156,-50.55178451538086,411.0504150390625,0.0,10.007328033447266,108.6279296875
6104,6204,1,1,0.010799999348819256,0.09650000184774399,0.3296000063419342,0.0,0.0,0.0,0.0,6104,230.0,230.0,-13.361872673034668,-59.17792892456055,60.66767501831055,0.0,0.20910529792308807,1.8683947324752808
6104,6305,1,1,0.010799999348819256,0.09650000184774399,0.3296000063419342,0.0,0.0,0.0,0.0,6104,230.0,230.0,-494.9274597167969,109.75345611572266,506.95068359375,0.0,27.642410278320312,246.99008178710938
6201,6202,1,1,0.0017900000093504786,0.014050000347197056,3.680000066757202,0.0,0.0,0.0,0.0,6202,500.0,500.0,626.6107177734375,-521.91650390625,815.49853515625,0.0,7.837634563446045,61.51886749267578
6203,6205,1,1,0.000699999975040555,0.07400000095367432,0.4876999855041504,0.0,0.0,0.0,0.0,6205,230.0,230.0,-162.9716796875,-74.01892852783203,178.9932098388672,0.0,0.20066651701927185,21.21331787109375
6203,6303,1,1,0.010799999348819256,0.09650000184774399,0.3296000063419342,0.0,0.0,0.0,0.0,6203,230.0,230.0,-408.79864501953125,89.65081787109375,418.5135498046875,0.0,19.050779342651367,170.22225952148438
6203,6303,2,1,0.010799999348819256,0.09650000184774399,0.3296000063419342,0.0,0.0,0.0,0.0,6203,230.0,230.0,-408.79864501953125,89.65081787109375,418.5135498046875,0.0,19.050779342651367,170.22225952148438
6203,6304,1,1,0.010799999348819256,0.09650000184774399,0.3296000063419342,0.0,0.0,0.0,0.0,6203,230.0,230.0,465.264892578125,48.701297760009766,467.80682373046875,0.0,23.56995964050293,210.6019744873047
6204,6205,1,1,0.0007000000332482159,0.02500000223517418,0.4869999885559082,0.0,0.0,0.0,0.0,6205,230.0,230.0,-755.0787353515625,66.91423797607422,758.0379028320312,0.0,3.6638710498809814,130.8525390625
6302,7001,1,1,1.0000000116860974e-07,0.004600000102072954,0.0,0.0,0.0,2000.0,0.0,6302,345.0,345.0,603.0565185546875,-277.69488525390625,663.92138671875,0.0,0.00043473433470353484,19.997779846191406
6303,6304,1,1,0.010799999348819256,0.09650000184774399,0.3296000063419342,0.0,0.0,0.0,0.0,6303,230.0,230.0,839.9912109375,294.7538757324219,890.205078125,0.0,81.75357818603516,730.4834594726562
6303,6305,1,1,0.010799999348819256,0.09650000184774399,0.3296000063419342,0.0,0.0,0.0,0.0,6303,230.0,230.0,-12.533217430114746,-48.064964294433594,49.672149658203125,0.0,0.11119645833969116,0.9935610294342041
6303,6305,2,1,0.010799999348819256,0.09650000184774399,0.3296000063419342,0.0,0.0,0.0,0.0,6303,230.0,230.0,-12.533217430114746,-48.064964294433594,49.672149658203125,0.0,0.11119645833969116,0.9935610294342041
6305,6510,1,1,0.005479999352246523,0.048249997198581696,0.3296000063419342,0.0,0.0,0.0,0.0,6305,230.0,230.0,1110.4571533203125,296.99951171875,1149.488525390625,0.0,64.99651336669922,572.2777099609375
6305,6510,2,1,0.005399999674409628,0.048250000923871994,0.3296000063419342,0.0,0.0,0.0,0.0,6305,230.0,230.0,1110.14404296875,298.875732421875,1149.67236328125,0.0,64.07130432128906,572.489013671875
6401,6403,1,1,0.006199999712407589,0.06729999929666519,1.1155999898910522,0.0,0.0,0.0,0.0,6403,345.0,345.0,-682.3094482421875,81.31104278564453,687.1372680664062,0.0,26.24073028564453,284.8388977050781
6401,6403,2,1,0.006199999712407589,0.06729999929666519,1.1155999898910522,0.0,0.0,0.0,0.0,6403,345.0,345.0,-682.3094482421875,81.31104278564453,687.1372680664062,0.0,26.24073028564453,284.8388977050781
6401,6404,1,1,0.010799999348819256,0.09650000184774399,0.3296000063419342,0.0,0.0,0.0,0.0,6401,345.0,345.0,-305.3580627441406,45.928157806396484,308.792724609375,0.0,9.15246868133545,81.77900695800781
6403,6404,1,1,0.006199999712407589,0.06729999929666519,1.1155999898910522,0.0,0.0,0.0,0.0,6404,345.0,345.0,254.93104553222656,-28.166759490966797,256.48236083984375,0.0,3.353109121322632,36.3974609375
6404,6507,1,1,0.010799999348819256,0.09650000184774399,0.3296000063419342,0.0,0.0,0.0,0.0,6404,345.0,345.0,-84.45030212402344,27.90904426574707,88.94249725341797,0.0,0.8635343313217163,7.715839385986328
6501,6502,1,1,0.002400000113993883,0.0033199996687471867,0.5849000215530396,0.0,0.0,0.0,0.0,6502,345.0,345.0,303.80029296875,-184.0033721923828,355.17864990234375,0.0,2.6603457927703857,3.6801445484161377
6501,6504,1,1,0.002099999925121665,0.0023799999617040157,0.38449999690055847,0.0,0.0,0.0,0.0,6501,345.0,345.0,317.589111328125,-317.3131408691406,448.9437255859375,0.0,3.80208683013916,4.309031963348389
6501,6509,1,1,0.001600000075995922,0.022600000724196434,0.38100001215934753,0.0,0.0,0.0,0.0,6501,345.0,345.0,59.59996032714844,-17.808937072753906,62.20380783081055,0.0,0.05445307493209839,0.7691497206687927
6501,6509,2,1,0.001600000075995922,0.022600000724196434,0.38100001215934753,0.0,0.0,0.0,0.0,6501,345.0,345.0,59.59996032714844,-17.808937072753906,62.20380783081055,0.0,0.05445307493209839,0.7691497206687927
6502,6503,1,1,0.0052000004798173904,0.060200002044439316,1.0099999904632568,0.0,0.0,0.0,0.0,6502,345.0,345.0,-357.67498779296875,-61.9462776184082,362.9996337890625,0.0,6.395932197570801,74.04521942138672
6502,6503,2,1,0.004900000523775816,0.053700000047683716,0.8842999935150146,0.0,0.0,0.0,0.0,6502,345.0,345.0,-400.8431091308594,-54.599891662597656,404.54461669921875,0.0,7.567777633666992,82.93665313720703
6502,6504,2,1,0.002099999925121665,0.0023799999617040157,0.38449999690055847,0.0,0.0,0.0,0.0,6502,345.0,345.0,-54.188655853271484,-81.28947448730469,97.69538879394531,0.0,0.13501271605491638,0.1530144065618515
6502,6504,3,1,0.0017000000225380063,0.0022499999031424522,0.3991999924182892,0.0,0.0,0.0,0.0,6502,345.0,345.0,-55.5831298828125,-94.17501831054688,109.35455322265625,0.0,0.13845856487751007,0.18325397372245789
6502,6508,1,1,0.0011999999405816197,0.01720000058412552,0.2987000048160553,0.0,0.0,0.0,0.0,6502,345.0,345.0,-290.6431884765625,-35.77397918701172,292.8365478515625,0.0,0.9786443114280701,14.02723503112793
6502,6509,1,1,0.0007999999797903001,0.0010600000387057662,0.20389999449253082,0.0,0.0,0.0,0.0,6502,345.0,345.0,-55.17852783203125,-40.949092864990234,68.7131576538086,0.0,0.030476445332169533,0.0403812937438488
6502,6509,2,1,0.0007999999797903001,0.0010600000387057662,0.20389999449253082,0.0,0.0,0.0,0.0,6502,345.0,345.0,-55.17852783203125,-40.949092864990234,68.7131576538086,0.0,0.030476445332169533,0.0403812937438488
6503,6504,1,1,0.0031999999191612005,0.0348999984562397,0.5722000002861023,0.0,0.0,0.0,0.0,6503,345.0,345.0,629.2732543945312,100.39331817626953,637.2312622070312,0.0,11.669845581054688,127.27425384521484
6503,6505,1,1,0.009600000455975533,0.08780000358819962,1.4264999628067017,0.0,0.0,0.0,0.0,6503,345.0,345.0,29.958209991455078,-91.56059265136719,96.33709716796875,0.0,0.08558490872383118,0.782745361328125
6503,6507,1,1,0.0034000000450760126,0.03739999979734421,0.6208000183105469,0.0,0.0,0.0,0.0,6503,345.0,345.0,519.7869873046875,1.369437575340271,519.7887573242188,0.0,8.139083862304688,89.52991485595703
6503,6507,2,1,0.003399999812245369,0.03720000013709068,0.6182000041007996,0.0,0.0,0.0,0.0,6503,345.0,345.0,522.576171875,1.4586061239242554,522.5782470703125,0.0,8.22610855102539,90.00330352783203
6503,6508,1,1,0.0034000000450760126,0.03920000046491623,0.652400016784668,0.0,0.0,0.0,0.0,6503,345.0,345.0,430.0626220703125,57.7380485534668,433.921142578125,0.0,5.813291072845459,67.0238265991211
6504,6507,1,1,0.003800000064074993,0.03400000184774399,0.5824000239372253,0.0,0.0,0.0,0.0,6504,345.0,345.0,-89.4903793334961,-105.36827087402344,138.24253845214844,0.0,0.4947817027568817,4.426994323730469
6504,6507,2,1,0.0031999999191612005,0.0348999984562397,0.5722000002861023,0.0,0.0,0.0,0.0,6504,345.0,345.0,-85.8890151977539,-104.77178955078125,135.4771270751953,0.0,0.3970474898815155,4.330299377441406
6504,7002,1,1,0.00810999982059002,0.13689999282360077,2.434799909591675,0.0,0.0,0.0,0.0,6504,345.0,345.0,378.1248474121094,-45.706321716308594,380.8772277832031,0.0,11.602115631103516,195.84828186035156
7001,7002,1,1,1.0000000116860974e-07,0.004600000102072954,0.0,0.0,0.0,2000.0,0.0,7001,345.0,345.0,-1238.171875,144.98069763183594,1246.631103515625,0.0,0.0014937419909983873,68.7121353149414
8001,8002,9,1,0.0015899999998509884,0.011099999770522118,0.0,0.0,0.0,0.0,0.0,8001,500.0,500.0,321.13714599609375,177.1830291748047,366.77362060546875,0.0,1.8865197896957397,13.1700439453125
8003,8004,1,1,0.019519999623298645,0.13702000677585602,0.15535999834537506,0.0,0.0,747.0,0.0,8003,230.0,230.0,119.64312744140625,40.93296813964844,126.4515151977539,0.0,2.8386611938476562,19.92588996887207
8003,8005,1,1,0.03903000056743622,0.27402999997138977,0.3107199966907501,0.0,0.0,747.0,0.0,8003,230.0,230.0,71.3150634765625,6.032617568969727,71.56976318359375,0.0,1.912004828453064,13.424203872680664
8003,8005,2,1,0.03903000056743622,0.27402999997138977,0.3107199966907501,0.0,0.0,747.0,0.0,8003,230.0,230.0,71.3150634765625,6.032617568969727,71.56976318359375,0.0,1.912004828453064,13.424203872680664
8004,8005,1,1,0.019519999623298645,0.13702000677585602,0.15535999834537506,0.0,0.0,747.0,0.0,8004,230.0,230.0,20.89882469177246,-12.623624801635742,24.415502548217773,0.0,0.08985797315835953,0.6307551264762878
